"Year","Season","Fleet","Value","seLogB"
"1995",NA,NA,520.113405492991,0.185258944422736
"1998",NA,NA,378.399513283702,0.168827629890035
"2001",NA,NA,461.08886658235,0.135582055588218
"2004",NA,NA,510.347376419581,0.198659768442002
