"Year","Season","Fleet","Value","seLogB"
"1997",NA,NA,4348.69371321368,0.0888154069150897
"1999",NA,NA,4347.46129702359,0.0837296377216965
"2000",NA,NA,5558.97441108773,0.0972136125936433
"2001",NA,NA,5469.26485651974,0.10045980221194
