Sensitivity_Run,Sex,A1,A2,Length_at_A1,Length_at_A2,k
Base_2023,Male,2,100,9.178102170226484,66.08976728680247,0.016763369799400078
Base_2023,Female,2,100,11.402125551659482,73.63890686729006,0.009858842763482253
Increase_Length_at_A1_and_A2_10percent,Male,2,100,10.095912387249134,72.69874401548272,0.016763369799400078
Increase_Length_at_A1_and_A2_10percent,Female,2,100,12.542338106825431,81.00279755401907,0.009858842763482253
Decrease_Length_at_A1_and_A2_10percent,Male,2,100,8.260291953203836,59.48079055812222,0.016763369799400078
Decrease_Length_at_A1_and_A2_10percent,Female,2,100,10.261912996493534,66.27501618056105,0.009858842763482253
