Sensitivity_Run,Sex,A1,A2,Length_at_A1,Length_at_A2,k
Base_2023,Male,2,100,9.173302220555183,66.07283405498553,0.016785374453140215
Base_2023,Female,2,100,11.383213736604688,73.60789120941972,0.009898557783902515
Increase_Length_at_A1_and_A2_10percent,Male,2,100,10.090632442610701,72.6801174604841,0.016785374453140215
Increase_Length_at_A1_and_A2_10percent,Female,2,100,12.521535110265157,80.96868033036169,0.009898557783902515
Decrease_Length_at_A1_and_A2_10percent,Male,2,100,8.255971998499664,59.465550649486985,0.016785374453140215
Decrease_Length_at_A1_and_A2_10percent,Female,2,100,10.244892362944219,66.24710208847775,0.009898557783902515
