alpha,beta,sex
6.252168431353652e-6,3.192492533168737,Female
7.018605496775532e-6,3.157698317345384,Male
6.582942323411485e-6,3.1770637146275837,Sexes_combined
