alpha,beta,sex
6.708350472317192e-6,3.1732494265308033,Female
6.485079293785355e-6,3.179747821038068,Male
6.582942323411485e-6,3.1770637146275837,Sexes_combined
