alpha,beta,sex
4.861439427532776e-6,3.2612072562399064,Female
4.955487245561772e-6,3.2546796183874336,Male
4.895059042659209e-6,3.258744600978561,Sexes_combined
