Label,Phase,23.model.francis_2,23.blkret.T1,23.blkret.T2,23.blkret.T3,23.blkret.T4,23.blkret.T3.NT1,23.blkret.T3.NT2
SR_LN(R0),4,9.32091,9.36198,9.32095,9.34324,9.35908,9.34438,9.34435
LnQ_base_Triennial1(4),-1,-0.354591,-0.436658,-0.332967,-0.406958,-0.443822,-0.408227,-0.408062
LnQ_base_NWFSCcombo(6),-1,0.345614,0.276268,0.38416,0.345378,0.275763,0.343709,0.344036
