"Year","Season","Fleet","Value","seLogB"
"1998",7,8,67811369.7105201,0.0638867363982446
"1999",7,8,75298933.7604442,0.0899879738618028
"2000",7,8,73831818.1233108,0.111914592823468
"2001",7,8,71720776.7630805,0.0669383131897995
"2002",7,8,92668891.4201765,0.0726815170068565
