"Year","Season","Fleet","Value","seLogB"
"1980",NA,NA,239.651733288477,0.170380511503775
"1983",NA,NA,310.30632165215,0.132203903857698
"1986",NA,NA,144.926967697249,0.18186731916163
"1989",NA,NA,191.629347384027,0.142737758650371
"1992",NA,NA,200.025900184552,0.179714372991675
"1995",NA,NA,304.847278060421,0.175768399751954
"1998",NA,NA,270.523319678113,0.208775316723324
"2001",NA,NA,306.973206357642,0.152851633823834
"2004",NA,NA,355.623165356565,0.197405380128368
