Method,Mat_L50_Fem,Mat_slope_Fem
Head_2023,31.424705869692684,-0.17729080810007286
Intermediate_sensitivity,24.80568800383879,-0.35
Pearson_and_Gunderson_2003,18.186670137984898,-2.3046000000000006
