Method,Mat_L50_Fem,Mat_slope_Fem
Pearson_and_Gunderson_2003,18.186670137984898,-2.3046000000000006
Head_2023_latitude_depth,35.76542031778808,0.140262345352877
Head_2023_strata,32.161609012479936,0.13983856555256793
