Method,Mat_L50_Fem,Mat_slope_Fem
Pearson_and_Gunderson_2003,18.186670137984898,-2.3046000000000006
Head_2023_latitude_depth,34.35668617196996,0.17729080810007286
Head_2023_strata,32.87086858009672,0.1863950215969452
