Version,initM,prior_logM_mu,prior_logM_sd
Base_2023,0.04,-2.9187712324178627,0.3111269837220809
