Version,initM,prior_logM_mu,prior_logM_sd
Base_2023,0.054000000000000006,-2.9187712324178627,0.3111269837220809
