parameter,value
Wtlen_1_Fem,6.485079293785355e-6
Wtlen_2_Fem,3.179747821038068
Wtlen_1_Mal,6.708350472317192e-6
Wtlen_2_Mal,3.1732494265308033
