alpha,beta
6.550678349608696e-6,3.1797964553818656
6.657706775854948e-6,3.172393102471616
6.58026998062176e-6,3.1771882142145396
