"type","Quantity","values"
Mohn,SSB,-0.00673339703335385
Mohn,Recruitment,0.525125741231913
Mohn,Fraction unfished,0.108801583229128
Mohn,F,0.116548643552831
NEFSC,SSB,-0.0767892929425624
NEFSC,Recruitment,0.0152165584275898
NEFSC,Fraction unfished,0.0387182859513464
NEFSC,F,0.0863571192272452
AFSC,SSB,-0.00134667940667077
AFSC,Recruitment,0.105025148246383
AFSC,F,0.0233097287105663
AFSC,Fraction unfished,0.0217603166458255
