"type","Quantity","values"
Mohn,SSB,-0.330992255856543
Mohn,Recruitment,0.843790149537438
Mohn,Fraction unfished,-0.0644228271291823
Mohn,F,0.599511468714298
NEFSC,SSB,-0.26639207342033
NEFSC,Recruitment,-0.173320832553803
NEFSC,Fraction unfished,0.0239704050621358
NEFSC,F,0.332739063727597
AFSC,SSB,-0.0661984511713087
AFSC,Recruitment,0.168758029907488
AFSC,F,0.11990229374286
AFSC,Fraction unfished,-0.0128845654258365
